,TIME,GDP
41,2000,4.515536335
42,2001,2.009775225
43,2002,2.304819223
44,2003,3.111293387
45,2004,4.47156107
46,2005,4.004888203
47,2006,4.421716902
48,2007,4.381495564
49,2008,2.070264933
50,2009,-1.341646209
51,2010,4.540332948
52,2011,3.32009326
53,2012,2.71019097
54,2013,2.809245978
55,2014,3.073531301
56,2015,3.08293693
57,2016,2.808630961
58,2017,3.389865405
59,2018,3.288049781
60,2019,2.594550083
